Year, Projected  Revenue 
2020,3211.0
2021,3386.272727272706
2022,3561.5454545454704
2023,3736.8181818181765
2024,3912.0909090908826
2025,4087.363636363647
